PlotSize_m2,FloorArea_m2,Bedrooms,Bathrooms,DistanceToRoad_km,InAddisAbaba,Price_ETB
202,107,5,3,4.591512655621916,0,8489558.90778105
448,281,6,1,2.211827580515152,0,14906278.831283525
370,118,6,4,1.6624474097735804,0,11005857.382168546
206,264,6,1,2.9527738583111582,1,28135378.39293709
171,96,4,3,1.9187448748443754,0,7233894.414498087
288,165,5,4,3.045263417321142,1,25009005.571901463
120,297,7,2,3.557370726954741,0,11322614.170127222
202,205,4,2,3.473184590611471,1,22629371.688080247
221,123,2,4,1.9353091463985947,0,7255664.311348559
314,104,6,4,0.9176149883238889,1,25481865.867120538
430,224,4,1,2.209593758464817,1,29049503.34201303
187,92,4,4,0.7987113060013529,0,7709818.489866999
472,291,2,1,4.461475472400661,1,29895391.50904841
199,104,3,3,1.7947995576155016,1,17247297.687993947
459,147,5,1,0.8568527613942866,1,27538065.544738885
251,217,7,4,0.2246940235381793,1,30620360.85538093
230,146,3,4,3.264529692803773,0,8756001.836282345
249,188,6,3,3.2208213555282423,1,25211765.851315714
408,225,4,4,1.7689604162483294,0,13003003.088408796
357,190,2,4,0.4513882553534899,0,11172897.047560725
443,190,2,2,2.107181584986637,1,25870318.91401537
393,293,5,2,1.6249657258106287,0,12263438.310924225
485,113,3,3,3.4178911347015464,1,24385399.15166558
291,190,5,1,3.068318322318183,1,24708748.758196495
376,87,4,2,1.886509268167946,1,21301446.25595157
260,247,5,1,1.1676735158494516,1,27508554.045171153
413,192,7,4,4.9413762341624,0,13446822.352599194
121,162,2,2,2.324607943860963,0,6917541.992378678
352,121,2,3,3.4725437553231617,1,19901446.06514937
335,248,6,3,0.7887095411339679,0,12253458.50697549
444,180,6,3,2.4793895283310494,0,12280613.435528904
148,85,4,2,0.2349299273603809,0,6626285.624852704
158,259,7,1,2.576730077761205,1,27859734.554801058
269,105,3,4,4.823685294876741,1,18545498.9962778
287,143,5,1,1.9826128936304213,0,9389227.208954846
370,266,4,1,0.2910804616170668,1,31622036.78922158
289,263,6,4,0.2516833755047833,0,13707413.836121175
274,138,5,4,2.0011351237396604,0,9775728.721586682
150,188,6,2,0.8841221886696509,1,24116363.670138527
463,277,5,2,0.21442527200811098,1,35389450.796906
154,200,3,2,3.8054467083558667,1,20287597.10204814
343,112,4,2,2.3467627435212646,0,8486990.728320096
419,260,5,2,1.5172993826660073,1,32988961.66316699
230,229,7,4,4.510407596780755,1,29220395.15255017
406,100,2,1,0.6690809049825756,1,20314567.451102946
234,277,7,2,4.7840022618810645,1,29371766.095117416
120,149,7,2,1.638436915149029,1,22542268.79423432
428,191,2,1,4.453177994312538,1,23742909.016916037
266,83,7,2,3.054420094749362,1,22272910.187343605
373,173,5,1,4.1508660627332885,1,25132766.81541377
487,154,5,1,4.921664499731275,1,27524578.399540883
188,269,5,4,1.5131866453118543,1,28705019.78673815
415,141,2,3,4.8095638784972055,1,23126238.202760346
113,173,7,4,2.00846128502186,0,9014489.488081496
341,174,2,3,1.9890083332109196,0,9609583.365636263
364,231,5,3,1.767896810847078,1,31003766.935839776
445,134,7,3,2.752897276003168,1,29550772.828027975
152,216,7,2,0.8553107115745868,1,27134541.613143213
485,210,6,4,2.813186278254255,0,14327122.079229228
439,110,6,3,2.75435358080902,1,26239413.78991846
191,119,3,1,3.8333188817638635,0,6574708.627392635
466,115,4,2,4.184884813494169,1,23060922.183087878
363,231,6,4,2.258162616530878,1,32013086.289972957
134,85,2,3,1.5814329218223195,1,14873866.721539315
305,145,6,1,1.3707409968537632,1,24648738.484877087
180,291,3,4,1.0536567998538726,1,27186231.617868576
149,299,7,4,0.382473152775222,1,32634794.559120044
459,154,3,2,1.7779950962900957,0,11448354.149823757
487,83,7,4,1.424213691440838,1,28947052.03067657
101,158,7,2,4.835445190745396,1,20231622.448807627
489,213,4,3,2.8327732486252155,1,31957329.217277206
153,197,6,2,1.8016574912494872,0,10638519.673518969
205,192,2,1,2.9442912448691105,1,18951138.765420303
359,173,2,2,0.782063836593908,0,8874060.881417897
409,258,5,1,2.2758143710907945,1,32535014.565359183
290,141,7,2,3.168548174963213,1,26262947.10839299
317,264,2,4,2.495599375783012,1,28216673.805989612
143,273,4,3,2.068716123206189,1,25534440.763928197
261,158,7,1,4.969857105608521,0,9551513.908459278
301,282,4,2,4.413542334529742,0,11287111.492571637
369,215,2,2,3.1546891949812568,1,25063081.05481716
450,105,2,2,2.889949069793186,1,22280526.184169076
403,258,5,4,3.141236351140462,0,13701461.25034061
370,252,2,4,1.0864293283299231,1,28768097.297342658
314,123,7,1,2.0361749419951614,1,25670160.75401219
351,212,7,1,0.2933517111654067,1,31384890.21442388
289,149,7,4,2.430175583685451,1,28053445.106086735
395,233,5,1,2.7608204613925498,0,12591106.337360792
312,197,5,3,1.2159737069057273,0,10661015.133862078
307,147,2,3,4.823741351111018,1,19845216.53509126
336,98,3,4,4.556327593592486,1,20006108.92752415
437,291,3,1,3.638501853733939,1,29871819.3604503
466,99,5,2,2.713594480950277,1,25666557.748327322
152,192,2,3,4.362848882273656,1,19724353.834655385
379,219,3,4,0.7401964847349684,1,28384862.88537964
316,126,2,1,3.9734979919469366,1,17947110.698501796
351,80,2,4,0.7116219884375566,1,20739460.47331861
287,169,2,2,3.991632246492087,1,20190722.977582045
479,221,6,3,1.4512610844316494,0,13763183.756855799
140,143,7,4,4.397743846989126,1,22051519.894782525
256,117,2,4,4.7258062597444495,0,7271232.119521191
114,116,6,4,0.8291002500850666,1,20857067.8864495
400,205,5,2,2.3671104648204286,1,28221483.915100507
164,218,3,4,4.906838152997157,1,22393877.033758286
444,179,7,2,2.4686964362684187,0,13105453.622667339
426,156,3,2,4.331382860321271,0,9639553.916361285
108,82,7,2,2.9847844584434675,0,7337580.452414158
443,240,3,3,1.9391165488060493,1,31142600.731954757
228,213,7,3,1.5003394220767643,0,11752101.943973688
235,257,3,4,1.0957931463218278,1,27879112.20421974
162,89,3,4,3.8328111377507166,1,15684853.330687717
238,84,3,3,1.994048483432837,1,18308967.627570555
180,230,3,1,2.605249764783681,1,21857767.980574504
491,217,5,3,2.5123948520057917,0,13244547.001401778
262,251,2,2,2.9286672432423435,1,23500635.834022813
388,209,4,3,4.341328013560306,1,27872813.920370698
478,92,6,2,4.905622783558804,0,9822897.984541014
360,247,4,4,2.097162622011703,1,30482277.3257299
330,209,4,1,4.154842718320885,0,9541343.642177764
140,163,7,4,3.846186193808117,1,23443789.437146332
127,144,2,2,2.910291862132309,1,16482239.770442327
234,142,7,2,4.784631003698472,0,9988743.330254506
300,180,2,2,1.0823251260891738,1,23419021.188027546
427,152,2,1,0.635394630517145,1,23095855.174963646
367,96,3,3,4.284413638081569,1,20368420.055914663
132,88,5,4,2.251834101505367,1,17677329.13664527
147,282,3,4,4.250147385614596,1,24552078.86859417
161,222,5,3,4.476142005457533,0,9095708.107200205
315,231,7,4,0.4060422087334501,0,14008583.561474092
392,117,5,1,4.4289773386316975,0,8976089.693222782
198,242,7,4,2.2967633713101687,1,30685807.981191926
271,173,4,2,2.601119196120738,1,23426500.84673389
459,174,4,3,3.1703033043567306,1,29491667.723874032
313,128,5,1,4.6392747729774255,1,20665640.501941424
134,148,5,3,0.19366886270584377,0,9290882.84735223
326,141,7,1,2.4365329947573042,0,10965913.836248903
200,267,3,2,3.4698380079097477,0,9259342.979404533
230,257,7,3,3.64126409272132,0,12615313.849692315
356,157,3,4,3.4934089145318294,0,9869390.698606748
104,196,4,1,0.7587321340997971,1,20156895.802973397
317,199,2,3,1.5670383830212382,0,9324624.579909751
354,282,5,4,1.8577060745433662,0,13148904.059366735
497,216,3,3,4.041742317629574,0,12906557.584367048
458,241,7,3,1.46592337483131,0,14507156.734512478
382,155,4,3,1.1324543229492956,1,26874837.839291085
492,114,3,1,4.791495293286672,1,22208802.662522886
306,80,7,4,0.14343009705599763,1,25438358.478361182
114,119,5,2,4.989322192841693,1,17096331.308204126
445,143,5,1,3.4164243644012386,0,9751927.021343986
141,229,6,1,4.159499567300673,1,23437643.332397025
479,139,2,1,1.5436350420963467,0,9578286.697116846
278,143,6,2,0.1701448605685939,0,10261657.328806307
162,172,4,4,3.7155606409514976,0,8427341.229301622
451,151,3,4,4.187308525303311,0,10590448.185487298
330,90,4,4,3.728333046572244,0,8900761.268594457
340,184,7,3,0.7999664077741091,0,12687325.491174843
151,93,5,3,3.7917968190591487,1,17036199.686136514
195,139,6,3,3.867721632327441,0,8714378.124570115
487,109,6,2,3.3268485267832695,0,11582011.725581815
321,114,6,3,3.853968070698373,1,24495339.55843775
330,292,4,2,4.245015054420888,0,11204567.263375292
336,244,5,4,3.1066601597635466,0,12494407.918223392
242,84,3,3,0.5341630984514274,1,17493805.826086883
270,162,7,3,2.4893762673693334,0,10865592.197556319
128,202,3,1,0.48048173989086485,0,8972787.160394816
135,157,4,2,2.096960852058911,1,18702573.21533605
112,233,7,4,2.0948217967155753,0,10643874.117911093
259,141,6,1,0.42344823628718375,1,24445290.77264284
426,211,2,1,1.809220616450449,1,25273988.93416995
286,168,4,4,0.6438906840774428,0,9974844.348241992
342,121,4,1,4.060352529045189,1,21118044.304268282
185,168,5,2,4.743671327225907,1,20586021.412542343
383,225,3,2,0.45435072876389915,0,11221144.860641735
165,119,4,3,4.780064515729337,1,17807060.597292848
269,151,4,1,2.6606253367500514,0,8688647.974418271
144,118,6,3,1.5678718219739822,1,21099473.28716071
161,183,6,1,0.47662416885320125,0,9305114.02659434
233,93,7,2,2.5530589135450477,1,22133501.10086195
383,111,2,2,3.993126168004669,0,7789508.426349187
127,258,5,2,3.5647237386068213,1,24771540.93565948
207,204,2,1,0.3461074561734715,0,8132312.496206316
143,245,7,2,0.4572189933027272,1,28255106.016158868
439,176,6,1,2.074079084899922,1,28992981.561274033
385,102,3,3,1.5469234208349223,1,22434034.48457942
430,142,6,1,1.2386831829746345,1,27575157.97669826
227,222,5,3,1.4769220446526967,1,26479515.752592653
447,232,6,1,4.037065442154735,1,31635797.852850325
330,224,5,3,4.653217462796084,1,28229761.156530786
289,273,5,2,2.0850032031850754,0,12424436.22683727
324,285,5,3,4.539943910449235,1,30864465.259987835
484,132,7,2,1.6753289361146217,1,30816361.95536107
476,183,5,2,2.434541233084579,1,30358128.169594545
382,183,5,3,1.2075420892983988,1,29318615.859266598
220,258,3,1,3.238332606661636,0,9099506.637266602
215,118,2,1,4.897007464356563,0,5905280.248264282
332,258,4,4,3.057116170612556,1,30353512.06272105
358,277,2,1,1.8532890121563896,1,27626944.727375776
458,213,5,4,3.2743054853535893,1,31169608.428137664
297,146,3,1,0.7023113244803991,1,21454089.14974654
236,214,6,1,4.454429493300453,1,26229050.773048393
417,258,3,2,2.5651113588211985,0,11736958.09385727
264,279,5,4,2.3018137359942465,1,30785054.583075214
324,121,3,1,2.9707374634222443,1,19851305.548144575
406,271,3,4,3.1614409276680724,0,12703900.91969967
333,94,5,2,0.45170145050991384,1,23645516.85745325
271,190,7,2,3.444824383994672,1,26673653.730048217
251,236,3,4,1.2854652335460952,0,11038597.079578277
414,112,4,2,3.5983678992822905,0,9555537.450769274
473,234,4,3,4.130420492482564,1,31138716.485288445
259,243,3,3,4.03939668700735,0,10211464.321559375
195,236,7,2,2.807254740298657,1,28536101.370649848
332,117,6,3,2.648832472322681,1,25511741.45385289
279,264,5,1,0.8000922105631174,1,28703444.238681577
212,176,4,4,3.8991961369753647,1,23060481.02489006
417,234,6,1,1.4299059641889005,0,12831674.50464596
151,262,3,4,2.5338075718079383,1,24894533.263103787
367,112,6,2,1.492943055344832,0,10248009.884431882
394,275,2,1,0.7557589786984964,1,28896999.016251624
485,165,4,2,3.1848327147695095,0,11708887.205599632
486,145,3,2,0.36622697063222875,1,26925027.534759283
212,89,5,4,3.7683616472183803,0,7286554.606364739
200,84,7,4,1.6561752967794718,0,8852000.012659242
212,202,3,4,0.10065999572197808,0,9929215.359260842
180,153,5,1,2.6045327822624262,0,8753700.83569604
286,176,7,3,0.32957435178525535,1,29586760.166581787
212,197,7,4,1.4532308333224075,0,11044086.193961997
101,117,3,4,3.5641847885330096,1,17085502.56407294
229,220,6,1,0.4071791459471428,1,27403798.08251542
319,238,6,4,4.212758612544412,1,31406316.0627273
153,126,7,1,0.11871762102705724,0,8750399.259005975
442,188,6,2,1.3094369590893211,0,12784792.23053486
323,295,2,4,3.7304298751451506,1,29379519.314686626
324,259,7,4,1.6497237336736035,0,14399152.609142406
484,263,7,2,0.5992727015234663,0,15608829.61238442
225,94,5,2,1.8651462021220968,1,20078525.39897544
229,236,6,2,1.4249271032841753,1,28154993.082760856
152,215,7,4,4.229288320586719,1,26399482.81872861
271,84,2,3,1.6354047961672016,0,7129222.795928658
317,236,5,3,3.9657691117024356,1,29208679.480319317
259,126,3,3,4.4701735095726,0,7504604.947697177
297,147,7,4,2.225705355924995,0,11697444.911672195
346,155,2,2,4.558721404886521,1,21346947.670299828
423,252,4,4,1.9488584644196452,0,12622067.84757936
302,209,2,2,4.82398424080153,0,8416742.799941555
283,234,2,4,0.5375186701753074,0,10532308.73651227
222,174,5,4,3.46639440586589,1,24420609.131161653
354,194,3,2,2.519688798238951,1,24777872.093997
393,243,4,3,1.999479146732671,1,31401361.766067237
379,115,6,2,3.2002882058681448,1,25336889.32782515
424,105,6,1,3.548899749008223,0,9949943.574318726
471,122,2,1,0.12138002128651454,1,22846355.227422476
197,106,5,2,0.9180701348612738,0,7348478.064813992
297,148,5,4,3.593925648108162,0,10051719.495519271
494,227,6,1,3.365288526533212,1,31701057.92365598
339,90,4,1,4.833632775130519,1,19314502.31725678
243,153,3,4,3.829085172228837,0,8345106.043368071
196,183,4,4,4.758786267883556,0,10489789.231220655
300,117,7,3,3.5424484575205546,0,11185468.433803944
223,213,7,4,1.5604558223332716,0,11787184.300909586
286,279,3,2,0.6162881190291968,1,28488687.439219747
425,102,6,2,3.930936930390185,1,25757322.291805923
448,126,3,3,3.2563311852319883,1,25223420.712343022
358,169,5,1,0.33611146072715153,1,25912929.740918413
247,125,7,1,1.864247282914794,0,8503962.810739696
351,186,2,4,4.788319095873002,1,23369823.049286306
445,219,2,2,2.5519656139799864,1,27590385.984596938
246,297,6,1,2.220372766496553,1,30888250.41200552
247,220,5,3,2.3427280652805407,1,27538521.694851656
451,183,4,3,1.1235253476253024,1,29013388.562004693
298,269,5,2,1.9066651372374968,0,10920595.041068062
407,289,2,3,1.9120849543371656,1,31347964.62048249
227,296,2,3,0.35653959891861475,0,10604593.94373366
138,190,7,2,3.8610813797378,0,8498539.791858122
437,183,5,4,2.1408717163290074,0,12374357.52971389
459,139,5,4,4.128681445400474,0,11640851.555029243
228,250,2,3,4.266705205487487,1,23255618.831195615
366,283,4,4,1.1387708680234248,1,33001690.372897044
250,179,6,4,3.3210320626336305,1,26459802.85261023
397,147,6,3,2.4141808403986107,1,28132618.198600303
198,212,5,4,4.412768015815277,1,24419592.436122276
362,199,6,3,1.1571293279646253,0,11911233.79591186
351,116,2,1,3.421284681519217,0,7706383.016203064
243,151,2,2,3.077985399038341,1,18746846.571169082
445,206,5,2,1.5469772401019808,1,30985541.282932416
211,185,5,4,0.7693444278907459,1,25392753.545127936
159,171,7,4,3.2930348263386553,0,9960641.453664435
468,110,5,4,3.719127544848421,0,9747641.96780889
101,201,4,2,1.6465739844404153,1,20840951.339722488
484,216,6,1,3.259679759709338,0,13522492.901964916
403,130,5,1,2.036141447296366,0,9285705.644519674
353,108,3,2,3.594713728084827,1,19884679.29929871
239,285,7,1,1.0761548469808604,0,12839322.419958893
136,119,3,2,4.4620535129172545,1,15495394.560755115
259,120,2,1,1.5083070226813409,0,6764226.287313658
108,293,6,3,1.9021513400051495,0,11113444.567366023
332,90,5,3,0.384650565193714,0,8458608.315753216
198,230,3,2,0.6464098403742543,1,23928514.144466925
246,80,6,1,2.6277233232904083,0,8855493.35541379
403,125,2,4,1.4112041159670605,1,23758077.172998805
307,180,4,1,4.1938531061367526,0,9120089.889180792
230,228,7,3,0.17199760440927384,1,30725042.35317886
251,169,6,3,1.9575608384924876,0,10392941.830327202
153,189,6,1,1.7529931791685542,1,22741996.22428566
219,243,4,1,0.19470539149624508,1,26189287.26209073
260,261,6,4,0.7094051551025001,1,32308178.184004627
215,294,2,4,2.126849107101313,0,10813436.804546565
174,136,2,1,2.5150364637924887,0,5769309.693602378
212,80,4,1,2.0810197615488586,0,7255550.013657608
203,142,7,1,2.70159462421926,1,23156554.06055693
439,261,5,1,3.0161452070378396,1,31740466.977797426
353,134,3,2,0.1486267235263946,1,23701599.065077774
326,194,5,1,2.374066281322169,0,10216401.324542964
211,247,6,4,4.821146280349183,0,10894768.997674644
198,222,3,3,2.643258172634789,0,8911496.8067329
252,228,4,2,3.419957110548871,1,24104487.16818152
448,254,4,1,1.628132903792728,1,31571704.73831274
483,280,7,3,3.892557752948537,1,36713148.684356555
465,132,3,2,3.887315261192964,0,8998315.032128526
437,216,2,3,2.654350633505281,1,26610030.67870809
293,281,3,1,4.882467734068147,1,25890731.28657048
409,259,6,1,0.7151960523370016,0,13351800.559396664
262,136,2,4,0.1830435579589469,1,21095130.114427347
307,196,4,1,3.8737752376097707,1,23266823.533859827
268,233,3,1,4.055062133087925,1,22736352.056737717
260,248,5,2,0.6890154226908236,1,29037677.220427874
167,114,7,4,1.40135588149717,0,9094452.857846322
388,142,5,2,0.18600658049648167,0,10940977.844668776
497,104,7,3,1.5372121928247673,1,29913769.560525503
376,169,6,1,3.888395182201491,0,10752852.334945243
403,154,5,3,2.6380065857916373,1,28107635.725762215
483,117,3,2,1.8056684065246118,1,25065248.696934085
491,209,3,1,1.9215225450410187,1,28558031.818371248
234,214,5,1,0.10663276600579397,1,26125283.102175064
294,289,3,2,1.5690225850696562,0,11385862.895720962
227,298,6,2,3.2676478340258597,0,12180410.525542192
132,241,2,2,4.8735527747001495,0,7602483.918985718
275,170,6,2,4.2505980522211075,1,24667533.370946754
470,96,7,2,0.21561532676309275,0,11782923.611184468
474,207,6,1,4.502946962906713,0,11782731.257627683
121,250,7,2,3.9376722251632676,1,25798224.473923374
337,266,3,1,3.923843005497804,1,26068807.220335495
257,187,2,1,2.3441792191175006,0,7341028.603924645
137,258,3,2,2.050225935477064,0,8611313.466794347
329,261,4,2,1.584287071282644,1,29562587.717760745
464,231,3,4,0.42190480887639237,0,12429225.28047878
150,104,7,1,1.2183532811191258,0,8393136.575891724
363,278,3,2,1.3083578113923209,0,12045685.312097816
382,259,3,2,2.471977641579988,1,28029759.07249098
126,277,2,2,3.7624775923238007,0,8974992.273646085
325,167,3,4,2.4216681591499385,1,24919565.243220884
376,240,2,4,0.38343780229108704,1,28711349.761437032
385,256,5,3,4.793170024842199,1,31238510.759026393
196,108,4,1,4.71934916356115,0,6047881.04858317
383,142,2,3,3.9474287614272017,1,22000120.807660572
466,229,7,2,4.957506717664681,1,32738997.437690176
416,233,5,4,2.767963430721289,1,31519465.05837207
403,235,2,4,4.81756491624071,1,27224808.947073158
246,193,2,3,0.47046469902207877,1,22752903.177351538
103,292,4,4,1.8918356664807197,1,26530242.31995234
134,128,7,2,1.2043682132331528,1,21305800.61427214
291,278,6,4,1.0595821122579232,1,33445259.412805468
148,160,6,3,0.7899344495741129,0,9556660.486375544
116,163,2,2,3.149826843673384,0,6367588.116204055
271,184,3,3,3.928477093161795,0,9095555.096667249
319,256,7,4,2.9336621571597674,1,33223111.321193002
257,227,5,3,0.8201172769822275,1,28950800.31886697
145,197,3,3,4.074506472674008,1,19349660.095385607
472,165,3,1,3.21617806510227,1,25685691.115992226
105,299,7,4,2.002011960022278,1,31414939.56646884
198,142,2,4,3.403238448126709,1,18588834.822311096
479,268,2,3,1.373534398289881,0,12674031.006809609
332,183,2,1,1.7914418216216317,1,22040130.565857697
136,128,2,4,4.595680631346752,0,6718907.699253777
379,150,6,2,1.5234720777899602,0,10373818.121811172
448,80,2,3,2.4029425139738896,0,8014349.3670154
401,220,6,4,4.461691573240472,0,12518882.802606046
280,294,6,2,3.567834616310885,1,32034909.570600554
194,258,2,4,0.40479580820704353,1,25737485.913916923
198,202,4,2,0.8217849169669547,0,8971620.137351485
287,263,5,3,0.13842379478239242,1,31100634.249916352
215,290,3,4,3.1915167721229007,1,27222080.0418904
290,141,6,4,2.29359978451105,0,10106385.546981024
352,111,7,1,0.7579467694211501,1,26460471.394567817
260,237,7,3,4.793877193178175,0,11095352.996732613
355,108,5,2,2.6953326473335375,1,23981724.10420042
422,128,7,4,1.2852771411531572,1,30971476.274515733
227,252,4,4,2.5529574986580674,0,11544839.335570235
117,109,7,2,3.4301396304020284,0,7532502.3179069655
380,223,3,3,0.473572168070466,1,28838243.556425214
322,247,3,1,1.4460486937346708,1,25960399.74587031
153,98,6,1,4.054130905331569,0,6716842.6154002845
157,97,2,4,2.3523578649730403,1,15845648.491335055
422,80,4,2,2.7782279959582454,1,22808917.532911576
459,157,6,4,2.2207984108263994,1,30661022.386185575
273,194,4,2,0.3151097189507251,1,25184692.172032002
379,254,2,1,0.912173921118764,1,27393263.42932436
213,273,7,3,2.2831540298352655,1,30635528.383986123
387,299,7,2,1.1250087804988465,1,37108170.23062978
441,192,2,1,0.34489724043242587,0,10119025.38604221
250,193,6,4,4.233883353853936,0,10615528.1536407
226,245,2,2,4.907843392904168,0,8552456.635463228
254,258,5,3,3.986400082584024,1,27862130.70584815
485,142,3,4,4.283546116352868,1,26329704.44908329
372,211,6,4,1.2856879385535225,0,12775057.623005284
203,208,4,1,4.8070721800146785,1,21135534.968853325
492,87,5,2,1.0649359518217991,1,26003301.21324893
398,236,6,4,4.762006070772978,0,13107361.121236883
345,134,2,3,4.97461454043316,1,20914501.36402956
275,182,2,2,3.5874417481556393,0,8342455.266788436
138,210,2,3,4.907604285779927,0,7996538.250299579
269,111,2,4,2.8907449198788084,1,18134516.577483863
346,89,4,3,1.3717547375628427,1,22243003.350865465
125,281,5,1,2.2412798397615425,0,9673059.872562157
454,290,7,3,3.0084485833560515,1,37107313.244556025
405,189,3,2,0.4580996539323735,1,26726264.469304293
112,241,4,3,3.1494819966245062,0,9806053.267881885
415,203,4,3,4.9077714001352435,0,11603453.634307774
490,166,7,1,1.0315274839402655,1,32155738.619057067
412,134,7,3,3.9837160698130787,0,10636906.506092418
135,299,3,3,4.548704089520135,1,24452507.629545964
272,111,3,4,4.724137804819082,1,19388781.102041326
119,257,7,4,4.804664461586691,1,27760435.883995954
420,214,2,2,2.655152229735213,0,9627072.762312585
363,172,4,4,4.888808749158368,1,25285436.701410882
499,87,6,4,3.810820014958751,1,27887551.110446263
241,144,3,4,0.8921900375611134,0,9079707.447246373
470,136,3,4,2.436810521693053,0,9534573.985111415
242,146,7,1,3.61982275932282,0,9334973.460395506
191,295,5,4,1.3119675475135084,1,30690540.611182723
453,294,6,1,3.239014399389548,1,35580298.79456333
421,266,6,1,3.3663423473284344,0,13503160.322653033
387,151,3,4,0.8972287446619729,1,26317671.28707342
314,133,2,3,2.8689180310185063,0,7726246.140445331
441,146,5,1,3.8809718637951782,1,24930512.999540757
150,130,6,3,2.5445887562261156,0,8294555.870224076
252,176,3,3,0.1593052722029264,1,24021163.276502814
285,171,6,4,0.14428849848853167,1,29299583.01451795
162,87,5,2,1.8494437854530599,1,18080552.658422362
289,241,5,4,4.6383509353157315,0,11697000.224337721
224,114,4,2,1.2205162200576831,0,8065716.580181447
249,175,7,2,3.2083820754712673,1,25842749.588883977
413,167,7,4,1.188171766397271,0,12867335.499943735
157,157,3,4,1.6761829493317886,0,8909298.173046807
441,111,5,2,4.2554062390472716,0,9407639.749294607
404,199,4,4,3.67142106712274,1,29521678.861793555
279,125,4,2,0.5674564588347322,1,21780257.693336602
269,223,6,3,2.200639902833525,1,29687396.10313078
425,275,6,4,0.24293184186179592,0,14198006.126878873
370,244,4,3,2.4563617183547444,0,12281679.756911375
153,261,6,1,3.3459266573352338,1,25583651.60335857
200,292,5,3,0.6806628556309426,1,29552034.976222433
363,221,2,3,1.515536200654912,0,10756159.78107449
152,134,5,2,2.049399464960569,1,20230036.1618177
159,255,4,3,4.605702020814643,0,9246388.876540324
207,289,4,4,4.9669495755725235,1,26892017.231984537
104,86,5,2,0.3200653650785177,0,6750064.544816819
202,153,6,1,3.8289388251274215,1,21491812.923047703
295,86,6,4,1.921447925371482,1,23988435.851091508
361,240,7,1,2.023045112524452,1,32488274.729420017
464,230,4,3,3.7958983694004114,0,12351112.73548367
471,164,3,4,4.600289517512502,1,27852606.898640882
449,226,7,4,4.759550113062487,1,34507342.315736406
146,191,6,1,2.9279006715877722,0,8821206.612678995
454,204,5,4,1.849893680572464,1,31569269.480162352
410,226,6,4,3.9589905207080185,1,32439174.979487903
407,115,5,4,1.3299067779852713,1,26841853.138301793
243,108,7,3,2.8639627412842374,1,24023171.027498618
368,267,4,1,1.8570344614718788,0,12179834.919739053
469,161,6,4,3.317492261168593,1,30526569.308599394
223,81,5,2,1.277954673178184,0,7780536.258569882
205,208,4,2,1.0388054341006463,1,24341362.868814204
257,126,3,2,4.599371524709642,1,18939329.917339094
246,276,5,2,0.5988380464527309,1,30344332.960480664
244,227,7,3,2.5791937479011655,0,12244584.577575507
219,90,3,4,1.1821786365187439,0,7483607.270003833
418,209,3,1,0.29075682029577055,1,27948777.59256384
374,274,2,4,0.27649220962798937,1,31536506.34553908
191,294,6,3,0.958586683318554,1,30579317.959600903
157,198,5,2,4.347174737079401,1,21726692.96785182
445,219,3,3,1.4841458454874308,1,29446642.702878166
328,99,2,4,4.757249935818949,0,7698126.572199273
216,84,7,1,2.9499492356470487,0,8665121.240695983
417,116,4,3,2.239409529866954,0,9643630.950666072
378,245,5,1,2.942435289880328,0,10696360.758289216
226,216,3,3,2.6318220876087124,1,23427978.583683405
492,132,6,1,3.8180036434108935,1,28197735.044303257
495,251,2,1,1.4842307232669762,1,30201699.58984145
228,178,3,2,1.8299469188414819,0,8788103.740136992
157,165,6,1,4.481062082412929,0,8133790.932580175
221,187,3,2,4.737636914436987,0,7462957.24900271
100,103,5,4,4.473535314683725,0,7122940.097875488
338,160,5,4,2.1552951703908367,1,26705211.50978727
389,281,5,2,3.923790964733721,0,13917290.173743485
195,237,7,2,2.4340450931753845,1,28543231.057589564
225,199,7,3,2.537945275515901,0,10832086.793619843
217,138,2,3,1.1029325343806915,1,18717841.10911534
147,294,5,3,2.996538485966731,1,27830258.65370984
188,207,6,4,1.0120658989914049,0,10897835.859190844
336,288,3,3,1.7246670254292498,1,30996083.37505035
472,193,4,1,4.289647987937682,1,27648384.090903178
484,194,6,1,1.1146714651331908,1,31626848.39797914
371,288,7,3,0.44867559734982077,0,15725485.223107927
288,93,7,1,0.43813720380279997,1,23655585.56385871
291,88,6,4,4.709844150465229,1,22704497.762751833
168,119,7,1,2.58391014601299,1,20553931.673271123
377,273,5,4,2.10611915190339,1,33953498.23792057
448,104,2,2,4.073305046938801,1,21018902.4721022
346,182,3,2,4.195547046761528,1,22457401.83057116
175,280,2,2,1.7277360622664628,1,25018769.52409709
253,101,3,2,3.498728481621597,1,18020957.989650473
243,83,3,1,3.8785017976742444,1,15087151.443089886
185,233,2,3,3.3077883656431775,1,21319970.946950484
284,265,6,1,0.8428158665204869,1,30852372.873641532
384,108,3,4,4.39182710923358,1,22097435.295090407
319,188,2,1,2.741563308406443,0,8879521.812600326
168,177,3,1,1.4841148892130183,1,19403731.253490537
146,294,4,4,2.1836181086447004,1,28011311.440330613
193,116,6,2,0.2840983429546462,1,22706603.678218577
337,154,5,2,0.7265473259898461,1,26295777.939569402
303,149,3,2,3.8511790775277186,0,7814936.435039486
499,225,4,3,0.1000570103012941,1,34106252.92120558
317,207,5,4,2.141172559563232,0,12402072.769831497
440,164,5,4,2.6602998873193835,1,31195878.42359635
138,121,3,1,0.36770865800476427,1,15754398.654377816
199,179,2,3,4.868082998564431,1,18862399.507292923
388,120,3,2,1.2080141231233927,0,8097347.823780828
353,245,4,3,1.5905737262177764,1,30306287.715080716
321,113,5,4,1.5893183100496342,0,9578036.188906686
456,96,3,4,1.2290416443750147,0,10895914.568537474
122,244,2,1,0.10722172822292594,0,7991248.169346124
349,232,3,1,3.6737894910311826,0,9350650.582810134
109,201,6,4,4.837542949016498,1,23120596.655140493
345,155,2,2,1.199038068096721,1,21287737.08034307
424,166,4,2,3.3489312398367703,0,10865763.4792863
199,196,5,3,3.7352920020977045,1,22874812.47582299
389,185,3,4,4.257284357543571,0,10452771.919082865
279,165,2,4,2.170883065366685,1,21100652.55738856
322,292,6,2,1.5843614376381034,1,33197670.378912628
493,106,2,2,1.6939461567128526,1,24099715.999545842
349,136,7,4,3.591844532182713,1,28159401.679626543
246,110,6,1,4.102219385877617,1,19917143.504578725
195,213,4,4,0.9899084420073531,0,10196416.567128988
356,298,5,4,1.9176109399730497,1,34600202.966035694
424,247,4,2,4.519506964070835,0,12112413.780107535
103,177,3,2,4.0527982465042225,1,16465171.695107475
115,91,2,1,4.925806173536132,1,11008380.5501556
379,132,7,1,3.795816472442196,1,24824895.947977513
435,278,6,3,2.026656485036819,0,14089726.426810732
346,217,6,4,2.9941253865737254,1,30758800.385487363
357,252,2,2,3.33896984581187,0,10858869.443873245
483,224,7,1,0.4844334999539074,1,35044098.67636148
259,233,2,3,2.768035099608939,0,8893611.45315007
439,292,3,3,3.5756720595157874,0,12422369.025188334
251,299,4,2,0.9198743896051959,1,29864402.809971105
495,269,6,2,3.9250954153852304,1,35322918.62137511
277,201,3,3,2.9604866245191475,0,9308340.620278297
262,125,4,1,4.765886749918214,0,7226405.755260368
479,143,3,3,0.30786926121376934,1,27819149.367972758
132,209,7,4,1.4000980740217883,1,27041104.6765545
278,133,6,4,3.047614008569138,1,25032147.373700894
200,186,2,2,1.5531435698090605,0,9094339.58007846
367,272,2,1,3.6006784039490873,0,9978023.000768222
422,130,4,1,3.8191258843574625,0,8430253.457341177
164,260,5,4,0.6023282239257248,0,11811329.187614158
267,115,7,3,2.6178868746131623,1,24276735.032046366
429,194,4,2,2.593563722396174,1,27969099.3749306
142,105,5,3,1.9094757740561514,0,7147526.656123213
143,108,3,3,4.671331826591393,0,5925833.564297965
384,228,7,3,4.154780967378784,0,13768312.862572413
496,90,3,1,3.5163259713572206,1,22542901.24363045
111,119,6,4,3.600200515101488,1,20356011.498392746
194,90,7,1,2.362409104684284,0,7359404.651166821
401,243,5,4,4.612873153373222,0,12071848.50104892
485,192,6,2,3.5035175935410985,1,30053701.873486735
352,266,2,2,3.672007202113501,1,26359305.98840187
341,118,5,3,4.322285428557992,1,23742208.878913835
134,133,4,4,1.442950787776736,0,8169883.100318838
314,177,2,4,4.054647428946844,0,8958313.882734569
436,134,2,4,1.0566789544868112,1,25060510.38089757
189,190,4,3,1.7921755659999505,0,8887122.115512308
363,231,7,3,1.7444912259222294,0,13403481.196016446
192,229,2,2,4.894774795106788,1,20685551.74218691
189,148,5,1,4.297032396364841,0,6982650.127021795
214,135,6,4,3.535732321792273,1,23481957.683022536
204,112,2,4,3.662578131915412,0,7213701.809094252
490,115,5,1,2.8541566925725985,0,10221618.517003795
295,227,3,4,4.740744268831744,1,25954978.17164442
413,290,5,3,2.5316678891235718,0,15230993.644411562
213,160,6,3,1.9645367783624834,1,24540560.214325313
174,269,5,4,0.8988731509647959,1,29297216.949520264
475,188,4,3,3.9524076960791845,0,11250489.918953467
316,280,6,3,3.6987752671703986,1,32391237.947715826
376,233,7,4,1.983339688768261,0,13953467.874737501
348,273,3,2,0.22344772840022387,1,30085697.30593496
263,152,4,1,4.211086905818252,0,7617934.958981922
493,280,7,3,0.1559481189249608,1,39850206.82620025
456,119,5,2,3.54812892018235,0,11061472.185322348
291,96,6,3,4.85425983765768,1,22122187.963428427
326,208,3,3,2.2445405079261973,1,26408723.340572823
276,296,4,1,1.2513696844801687,1,29205809.172753602
198,140,7,3,3.5538679492125707,0,9844176.529869342
135,250,7,1,4.103927895876367,0,10468848.33993299
195,183,3,1,2.777508548781452,1,19160790.36076566
251,121,5,1,4.838472848755116,1,19565024.07802188
250,104,3,2,0.35317673612400946,0,7113516.321055043
289,118,7,4,2.573498431692188,1,25771810.64671151
323,114,2,2,3.6204243418804958,0,7480579.285270087
136,210,4,4,4.326938308630977,1,22385152.982374575
367,187,3,4,0.9783524983481713,0,10319713.267791802
468,251,7,1,4.020017060642039,0,14222989.47346303
282,258,5,3,2.808264671020872,1,29831870.8036398
112,181,7,1,2.0431130417508196,0,8779013.173844395
378,177,5,3,0.7454036400375584,1,28158505.781756632
316,91,3,4,4.339949218653671,1,19457573.10113245
454,98,5,1,0.8706387200806053,0,9902900.3990533
460,180,6,3,1.6179605101245864,0,12832978.126501596
385,123,6,2,1.521223106615941,1,26332830.116114244
372,266,6,3,4.369928767535186,0,12062285.816120459
468,128,2,1,3.3962446716236006,1,21957704.19503762
161,268,3,2,4.003738846237725,1,23020321.02134698
183,96,7,3,1.3272927040832452,1,22528184.160345405
467,153,7,3,3.161883088074295,0,12148523.545079615
316,136,2,3,2.9015553174043687,0,9039026.273205409
441,134,5,3,4.180868846262529,0,9698005.955421615
496,126,2,3,4.539826596358177,0,10127618.429629676
286,91,5,2,0.15956818023919536,1,21758056.424441352
118,141,5,4,3.4026976033880842,1,20478443.634477735
276,159,4,2,0.35399541568667225,0,9509101.658892032
199,295,7,2,2.7894074588790443,0,13001896.276236925
495,162,6,2,1.5094003723140235,0,12294438.943260789
332,87,5,4,1.603205337658492,1,23049087.11858185
175,228,4,1,1.8294966669165473,0,9954352.810252223
364,160,7,4,3.14433300034309,1,29721093.176887386
383,294,6,2,1.7368448317769694,0,14073410.27045671
305,197,5,3,3.6902253478923743,1,27247263.28307621
322,287,5,3,2.0821841893119615,1,31842930.2842968
483,277,2,2,0.4349306815187972,0,13180759.312515868
151,279,2,3,3.9404232281721256,0,8906967.976134129
438,104,7,2,1.5002157905042597,1,28083807.42692568
466,289,6,3,2.2205577100363874,0,14932027.940684868
243,168,5,4,3.4586750277873177,1,23745551.555382874
472,91,7,1,1.729035170028689,1,27096063.89357544
168,222,7,1,0.3772697151189066,1,27786901.588647112
198,138,3,4,1.9322131303627867,1,20576989.029111005
495,233,2,4,4.727798055202086,0,11833120.600295965
124,188,6,2,3.2444985467629355,0,9072662.019903861
478,105,5,2,3.390247828469314,1,25607754.832947113
152,126,7,2,3.1981825528244356,0,9178655.182349103
250,111,5,3,1.0750614809012404,1,22162292.970652297
243,89,3,2,2.149835934101173,0,6995953.85924719
156,95,6,4,3.77960501198026,0,8477094.06967498
138,278,7,1,0.5967271980104799,1,28662950.65857181
208,224,5,3,1.4614786028395903,0,11447098.87168053
280,230,2,2,1.453963631482683,1,23507787.47938697
141,105,3,3,2.2168927452130798,1,16981374.692949858
285,292,6,3,4.903806830616706,1,31336758.79271566
497,165,3,2,0.4307624787507275,1,28088269.386711996
322,214,2,3,2.6416348724649157,1,23734177.47817607
221,93,6,1,0.9788869418598313,1,20208159.17038124
232,158,3,4,4.856315072507746,0,7688833.719985008
262,196,4,4,0.6551871731645746,1,26218583.24073098
314,86,2,1,2.0776449115717974,1,16792522.06131966
320,216,2,3,3.7156364256895706,1,24671077.594391666
334,194,2,2,3.5523166973344824,1,22877643.327033073
430,255,4,3,2.171370320780268,0,13019564.262544503
245,151,4,1,1.7979684229683195,1,20478256.09409306
338,138,5,3,2.048300654909066,1,24885472.627744097
175,294,7,4,1.3949536894773327,0,13950371.77128019
108,161,3,3,1.1061313996633193,1,18329333.782786716
173,195,5,1,2.4668945180385613,1,23169656.867009368
352,246,3,4,1.415815404731276,1,29520561.69819393
329,225,7,3,1.5085621579965258,1,32221862.889073487
106,266,4,3,3.31810471102533,1,24576130.2246023
273,182,7,4,4.845832925329471,0,11736779.625903435
240,96,4,2,3.057822282740938,1,18215682.57848999
267,93,7,4,0.4771993886183348,0,9940438.595515562
269,238,5,2,0.4703597078849282,1,28611859.92179643
492,231,6,1,4.761973782143273,1,32387991.87304442
382,187,5,1,1.556724872505935,0,11494306.86893369
221,267,3,4,0.5511282318041296,0,11141889.28313625
293,124,5,4,3.0353184770368697,1,24066783.910493143
104,177,2,1,3.1558790136223043,0,7068004.0634110095
128,210,3,2,3.2776736185815722,1,20001817.996841602
264,116,7,1,1.4102699365019526,0,9633772.440701999
438,250,3,4,0.17404235265092768,0,12285736.11692478
235,247,6,1,4.8285753103269125,1,25245347.276422016
464,297,4,4,1.3293759238864025,1,36479499.90267188
420,262,7,4,3.412528811457483,1,36096323.47863082
441,294,3,1,3.5624863624056773,0,12120111.390061492
244,187,7,2,3.08903634368948,1,26777246.93024843
426,118,7,3,1.6332462316468765,1,29203175.01957811
316,94,7,1,1.4283716434439224,1,24449704.303594984
400,199,4,3,3.0285745852432457,1,28228768.141507864
231,83,5,1,4.343868604697288,1,16879604.055116273
391,172,7,3,4.738995271724638,1,30000585.483617324
169,293,2,2,0.6189384415784124,0,9917646.774211217
351,232,6,2,0.8586602017288273,1,31708938.24097174
374,220,4,1,4.72920766803709,0,10255453.113296183
463,289,3,4,3.709022618840484,1,33095575.24783104
281,240,4,3,4.426669741665888,0,10666750.16675967
266,95,3,4,1.0928999072631815,1,20109964.36814025
190,249,4,4,2.9791707684360693,1,26450328.13346538
301,187,3,4,3.535584012645621,0,9608560.320816005
445,205,7,2,3.4325482386901665,0,12045310.460376767
118,273,5,1,2.099943285246821,0,9803624.401156442
138,134,3,1,0.17543496928741154,1,17459191.748928204
225,249,3,2,2.9563376783408897,1,24198143.121208
272,113,2,2,1.3401975419800831,0,7188768.79034671
240,237,3,1,2.3062458061001627,1,24190065.349902887
341,92,2,4,4.792146973910705,0,7135583.991588398
319,220,6,3,2.05527305644793,1,29425961.86265458
225,97,7,3,4.215027872655691,1,21787170.50390941
157,239,2,3,1.0238489681713308,0,8803143.230741367
247,175,5,4,3.3950564403226418,1,24494348.619962055
416,202,7,1,4.887334076750823,0,11934843.95670049
482,118,2,2,0.5992761942773903,0,9905897.584767915
460,125,7,1,0.14076771691324086,0,11867202.175833443
100,108,7,4,2.2245556838998106,0,8568579.399563156
486,269,7,2,0.5538648669516993,1,38979771.41578186
447,141,6,4,3.767083313413534,1,29170018.912514452
289,264,5,3,4.5812884528579385,1,29273530.090893365
290,95,4,3,2.2267027662729184,0,8000052.765445849
468,263,4,4,1.3676870465616608,0,13443282.730744181
411,200,2,2,2.228576263132388,1,25368258.04172492
216,89,7,2,3.6448943074650053,1,20538173.560506653
233,237,2,1,0.1443653917438178,0,9520864.820424799
157,232,6,3,2.9883245484750165,1,27455375.61911287
143,182,6,1,3.1051292559481576,1,21514413.653888002
272,163,3,1,3.2246724097900845,1,20129351.142297227
259,212,6,4,1.2859081919062985,1,29400484.397491228
272,144,3,4,3.5988583445528213,0,8778127.755444309
416,256,5,1,0.5478182830257045,0,13102211.749372251
402,82,2,3,1.0764246486873241,1,21503835.572630394
248,252,5,4,4.399603228606962,0,10126883.319011003
179,221,6,1,3.7197434385601755,1,23221663.345622074
473,199,5,1,0.16735321465559175,1,30943384.30666713
312,237,5,1,1.3170436758120212,0,11945241.358609451
302,147,5,1,1.1505917666665064,1,23041880.10086395
351,225,6,1,1.4269510073811658,0,10520793.628676888
328,269,7,1,1.3130428743714435,1,33279068.26592388
263,116,5,4,0.40637884913994415,1,24043639.187281385
326,232,3,3,2.34880853132442,1,26530491.530938078
246,255,6,1,3.6903940264522093,1,27312033.18641343
119,272,5,2,3.072985451115439,1,24803635.414624944
146,260,7,4,3.3970711761305914,1,29256732.070671674
332,286,6,4,0.4976309748275719,1,35038026.87449471
404,152,4,1,4.762304479866257,0,9674571.063514508
113,222,7,4,4.2086099858308215,0,9000964.671381641
242,128,3,1,4.044942560628748,0,6542585.555310351
100,200,5,3,4.1326206447046605,0,8010448.890603542
472,167,4,3,4.670281489850531,1,27436688.915888485
153,275,4,4,2.766844433957119,1,26422553.903776374
473,219,6,4,1.081381887551367,1,35633230.9461722
358,266,4,2,3.122239678477452,0,10945883.678474482
243,116,3,4,3.7401193189729014,1,19277686.078678925
111,140,3,2,3.715795227434725,0,6546009.166118908
429,250,2,3,2.655100218417713,1,30075773.609072123
323,203,3,3,0.4354477247345325,1,26266393.152085993
371,277,7,1,1.9184533983076266,0,13828538.622514732
457,118,4,3,4.6117563814704505,0,9005717.327424727
255,263,3,2,2.963799657811388,0,9121261.96628121
472,142,6,4,2.737826521952996,1,30953473.92691435
107,125,2,1,1.4173822204727484,1,13963528.74293959
221,167,4,2,1.9053997075912368,1,22511556.491103593
447,90,2,4,4.487195836850529,0,7885859.38814502
263,141,4,1,3.3656689328814955,1,20452116.603323627
189,156,6,3,3.9581964310864315,1,23730310.704728708
235,232,2,2,2.3262925730315103,1,23021706.517662875
285,278,5,4,3.188211375335174,0,12610648.47772849
415,131,7,1,1.317079682841717,0,11310862.10384383
277,83,7,1,3.556758068389083,1,20511180.237242505
127,138,4,3,2.195246535146353,0,8168737.1608259035
319,151,5,4,2.2684730225922536,0,10150876.575579016
456,227,2,3,3.2816793904267203,0,11595905.750106163
140,172,5,3,4.687775045197741,1,19974595.324115504
327,142,5,4,0.41363109838224255,1,26228454.618554987
291,133,2,4,4.141241863000337,1,20571922.76811095
244,196,6,4,1.5326772410197465,1,27960010.235011205
300,189,5,2,2.2752053270812516,1,26789035.07448065
311,153,5,4,0.20737531099754392,0,10789409.608271232
319,186,6,1,1.575125781388134,1,26316488.222827006
339,136,5,3,2.56289308888764,0,10443455.182088332
496,297,5,2,0.3752627790024512,1,37017422.451620966
145,248,5,4,2.5063690739775093,0,10958070.591963021
134,82,7,2,4.642842081406294,0,7164037.017488782
352,199,3,4,0.6164267687282456,0,10305155.532282917
489,85,6,2,3.8457595675699716,0,10502995.469171291
181,84,5,3,2.107388161542364,0,8566633.938767927
470,84,7,3,3.3103512011692566,0,11364422.989023378
355,133,6,1,1.375159330127624,1,25558661.45843346
296,126,4,1,0.8815120864526557,1,22046915.657752123
402,294,4,4,0.8862668099290095,1,34912200.82763705
109,256,5,3,0.4454105336514088,1,26407061.84830569
411,88,7,2,1.009668854016091,1,26374352.9869124
385,178,7,2,3.3546749864459446,1,29714586.519671828
341,99,6,2,4.42028399803319,1,23282579.709191877
350,201,6,1,4.089215859396693,0,10584125.75207065
464,140,7,2,3.4571581183849722,0,12560816.28694648
104,202,6,1,0.6411161307144031,1,23083588.922570232
218,242,7,1,1.5170184868501544,1,28347606.000805654
388,257,3,4,1.6180536890800983,1,31489789.193920072
473,161,7,2,1.3247890373483442,0,12641645.074661195
164,141,4,2,2.6235277325776436,0,7915051.897227525
245,224,6,3,2.724213692910396,1,28067013.83741554
323,295,7,4,1.8487412783384403,0,14430338.67256736
338,82,7,3,1.8335668778085368,1,25379996.663262878
276,239,6,4,4.159922429739798,1,29915487.313925106
366,92,3,2,3.96753495676646,1,18518466.631390903
440,199,3,1,1.608199575235654,1,26585278.342334975
381,204,6,1,4.57756337497897,1,28650923.30490592
162,168,2,1,4.76879358331228,1,15749534.913893087
316,152,6,1,1.7010384559472003,1,25137615.12064069
441,147,6,1,1.836682249085969,1,27527371.867828276
414,221,3,3,2.5776073517675986,0,10904610.369008556
382,180,3,4,4.7114919814150005,0,9166802.283736026
276,177,6,2,4.393965222397327,0,9970566.596169768
197,90,6,3,0.60258301665959,1,21074489.701379683
204,184,6,4,2.0243806420299397,1,25804515.73349237
198,263,3,1,2.8115188297738825,1,23660178.872529082
484,146,6,4,2.5653491155025465,0,12628915.49232586
410,202,6,4,1.0499290328907742,0,14176613.159526818
105,299,5,1,4.308202178723958,1,24164957.200856414
296,108,2,1,3.417009836684503,0,7316288.554313361
450,216,4,1,4.2057510367738375,1,28683675.262120616
232,274,2,2,4.307944968812413,1,23456481.145905446
457,232,5,1,3.766943682962125,1,30743146.13581195
358,155,4,2,2.2521319461236153,0,9600756.98610647
122,249,6,1,3.0916790995755807,0,9974508.470294254
152,88,5,2,0.8857904899867415,0,7957407.408704926
264,286,6,4,3.400862545627048,1,32502371.84350213
301,119,3,3,0.9783409531224757,1,21740133.71005548
182,104,7,4,3.5003529934997686,0,8684774.741322726
244,84,5,4,1.2250309876944465,1,20695456.173690606
184,218,3,1,0.6760013707360779,1,22057765.209361758
177,266,5,2,0.9098940017004914,0,11611325.27709186
465,295,5,3,0.10976146257344432,1,36556535.34041846
100,203,3,1,3.6218241274822986,1,17311543.252170503
150,286,4,1,3.688765140386058,0,9845380.840039823
272,117,2,1,2.6231734145749717,0,6343037.924661374
304,151,6,4,0.8906777251713801,1,27308399.413856704
359,212,5,2,0.5094162538023798,1,29358492.582234725
468,255,6,2,0.19373193554270635,1,35170325.33013357
387,169,7,3,0.9121660671295815,1,30681856.043327026
133,225,3,2,4.465192121417419,1,20444117.897684947
447,277,6,2,1.2835305243382409,0,13699609.004016869
194,116,3,1,1.835929503364357,1,15933099.181070402
171,139,6,1,0.6161928739585326,1,21351891.073253784
138,255,2,4,1.1895703932660346,0,9808063.672601717
253,284,2,1,2.6442003968230052,1,24854438.897590052
349,107,2,1,3.0779881471686976,1,18053715.387357842
261,276,2,1,1.3022263394144344,0,10191734.130874917
217,284,2,1,0.38288758020307434,1,24310702.493468635
358,160,2,4,2.0160610587242536,0,9824140.615142666
478,193,3,1,1.2475965175390376,0,11382198.212194016
405,119,5,3,1.1758142238260296,0,10390182.918186933
367,124,6,3,4.803327733295931,1,25726298.38925024
153,141,2,3,3.119872381036048,1,16001315.760005455
335,172,3,3,2.82870437154327,0,10188213.622318132
488,194,3,1,2.1372980072642775,1,27908597.829165485
321,265,3,3,2.201827233807707,0,11301358.258299373
350,146,5,1,2.750434518806596,1,24164845.922912546
412,135,6,4,3.5125060544769258,1,28240114.589856062
211,119,5,3,3.540515871290965,1,21064883.512563374
354,177,4,2,0.9413001477567029,1,25691010.36238614
402,119,3,3,2.5505524851754724,0,8908629.883391608
306,170,4,3,2.1185946656671,0,10454432.51290282
328,284,7,1,4.365582134719983,1,31919441.46504808
440,112,2,3,3.1939527139700448,1,22703290.181680772
497,85,2,2,2.7092699254383112,0,9577864.006416691
165,295,5,1,0.6654337466766952,0,11016015.737193843
174,226,6,1,3.0676256576847165,0,10287156.031750709
202,159,4,4,0.6742991378331438,1,22586004.290413495
291,247,6,4,1.7523122202721853,0,13076904.204979466
351,171,5,3,0.7999256275902262,1,28024749.179198273
325,176,2,4,3.491160870419408,1,23415938.705870405
393,138,6,4,1.110635357797148,1,28846896.28508373
405,138,6,4,2.0201109286213277,0,10775436.106492149
197,127,2,1,4.488806410332016,1,15032222.827208744
437,248,4,1,1.1011502786549545,0,11378068.368029281
385,92,2,1,2.588244813398018,1,18522202.347179722
434,186,6,4,2.154431139713508,1,32543375.36335323
446,124,4,1,0.1888078011240757,0,10298187.307711704
407,168,4,4,3.984514756506783,1,28056913.944141515
348,260,2,1,0.43832494094153873,1,27743392.105820116
265,249,6,1,2.423849602787073,1,28286126.00444367
434,179,5,2,2.847323645200855,0,11464191.960885549
129,270,6,3,3.1792896374114767,1,27361669.830022044
346,234,3,4,3.4742949836085906,1,27071764.12652264
205,245,7,2,1.3410346792613042,1,28984283.20212717
150,267,5,1,0.14889600562640193,1,26245171.54369687
180,86,4,4,3.644873945539069,0,5972914.9594642185
232,212,5,1,2.724717336803135,1,24561388.065724254
384,124,4,3,4.196976745715519,1,23326975.70481572
487,137,4,2,4.124802978213402,1,25126151.560237512
237,110,5,3,4.232298222160628,1,20510957.321558353
283,102,4,2,2.476963833899747,0,8332543.60556553
429,249,4,1,1.734779139600642,0,12336561.411512317
372,217,3,3,3.9786351926977135,0,10502238.873855973
439,239,6,3,2.3113411538433493,0,13903452.845107257
168,186,6,1,0.9988667623768291,1,24090676.79904993
133,260,7,3,4.289372695851224,0,11225827.245689599
361,237,7,4,4.424543396184502,0,12752785.19554572
152,118,3,2,2.384917805086834,1,16395841.480212172
304,238,7,2,0.4709286638179586,1,32612275.99350376
225,161,5,2,2.0003478405929633,1,22626511.550397653
334,179,2,4,4.037334531366756,1,24330302.403882835
142,81,2,2,4.518692739876521,0,4473445.985032003
339,285,2,1,1.0970164382382197,1,27942695.28755096
470,156,3,3,0.42817069892383053,1,27499671.852534916
210,91,3,4,4.39901722035091,0,6851831.973889949
348,118,4,2,2.008084200996489,1,21724847.053184118
250,273,2,1,2.7546287249110604,1,23999664.73813611
282,92,5,3,4.843522479048719,0,7545234.904015972
435,125,7,3,0.426167166779692,0,12232435.740590207
194,234,5,4,3.2767582365152688,0,11161872.0404514
473,192,7,4,0.46311657061684874,0,14500379.779433906
499,96,2,4,1.939797749485852,1,23119271.444827627
107,183,2,1,4.038691271447889,1,16576689.190739995
487,177,2,1,2.224013940502609,0,10412837.182209913
459,267,3,4,4.986193534124457,1,31193653.662691273
487,271,7,2,2.839390496238351,1,37133868.711376294
283,167,3,3,1.6736945479161722,1,23176247.63729326
380,188,3,3,1.1785454969332905,1,26477302.89305757
294,242,6,1,1.8175506180021932,0,11815448.210070599
451,149,5,3,1.9254130414217991,1,28458557.335478947
294,290,5,2,0.4366970208474088,1,31679470.493231285
254,237,4,3,1.9109135771911887,1,26651403.643526863
192,278,3,1,2.3747687467222023,1,23796279.981769074
259,153,7,1,3.641414985970143,0,9794635.237913663
160,142,6,2,3.3179744751358795,1,21233662.48069023
221,235,6,2,3.5729517106228563,0,11052851.455913614
150,139,5,3,0.1409820411965998,1,22039471.605719317
376,158,3,3,1.1665702579446269,1,25378884.97603512
104,116,4,1,3.342253013159297,0,5725186.648259689
191,101,3,2,2.471547904080761,1,16759057.980175212
269,275,2,2,0.12603603077489514,0,10086034.023924053
416,227,3,2,4.0420237479159296,1,27028652.434785794
121,175,2,3,3.8867669091226538,1,16599516.509727051
425,147,2,2,2.787253898668457,1,23621401.08023543
100,298,4,1,0.42567029630373343,1,25908559.10891817
232,271,7,1,3.855923742709665,1,29665690.747167666
332,96,5,3,2.9601965798836836,1,23155866.642664056
111,91,3,4,3.9316038880740005,1,14169556.664757004
445,229,2,3,3.7835602627396185,1,28107517.428560678
145,224,3,4,4.034710152593402,0,8760470.755289737
133,217,7,2,2.638239525382662,1,26029321.289251126
177,197,5,3,0.7875901391482235,0,9894869.855894256
317,272,7,1,3.388671619560475,1,31638192.746014718
400,101,5,2,3.1403215467546564,0,9762389.949929563
172,297,6,1,3.7370406172755275,0,11650676.460140511
381,199,5,2,0.932416929648603,1,28924618.9377523
348,289,4,3,1.0553784795114174,1,32341772.924568098
146,129,7,4,4.463006634374709,0,8318178.356304232
220,93,2,2,3.7748912124151475,0,4655991.248770501
313,271,6,4,4.550319594631582,1,32200070.018391073
338,254,4,2,3.8177050737032117,1,28545600.141275708
155,108,3,1,3.0260609993524796,0,6035821.2046728665
449,283,7,1,3.3052504114365813,0,13314169.0588355
206,243,2,2,4.456726827306048,1,21396211.87130874
418,259,5,4,2.936153097108509,0,12363595.500552757
147,204,2,3,3.198717489209099,1,20210491.80922254
160,283,3,3,0.8667359084176429,1,25673604.754732136
436,86,6,1,2.4222139785689034,1,25366594.815445498
125,108,6,3,3.6103458485946853,0,8060865.6521231355
391,218,7,1,1.4276192217501906,1,31510895.212856874
356,112,6,3,1.0910454845702213,1,25638084.78208102
107,213,7,2,1.6377513602996365,1,25431309.428043354
212,190,7,1,1.283353077164884,1,25736161.44282602
454,158,7,1,1.1530719214783398,1,30724706.360339932
352,239,5,2,2.181769130053626,1,29667701.63956973
279,258,4,1,4.548408718029317,1,24960216.433752522
306,282,7,3,2.58459226901972,1,32842469.85592791
402,137,7,3,1.020809865995083,1,30002937.191249754
226,294,4,1,0.47716117996628304,1,28080640.536851544
155,105,2,3,3.511165111175834,0,5571222.069307768
313,253,7,4,1.9757139457383006,1,34085074.946677744
113,108,5,1,4.126971638268261,1,16248235.31918209
127,83,6,2,3.331602766339774,0,6727407.086051141
177,288,6,4,4.0015831076527055,0,11759384.025014529
315,178,3,1,1.4325355931503991,1,23308803.71998174
485,220,3,2,3.492558720059185,1,28450252.85512062
464,118,6,3,1.393903724999222,1,29164624.66487424
253,94,6,2,4.701435549306429,0,8345655.876049791
113,198,5,4,3.218233979513535,1,23205998.11445205
286,108,4,3,1.6901078208591764,0,7613602.084576932
411,236,3,1,1.420608125232136,1,27984018.302479465
470,154,4,3,1.0355402668510534,0,11033760.320218055
106,195,5,1,3.5037406985792665,0,8109195.337488754
102,111,6,1,1.171706503689844,0,7546030.989146023
210,209,7,2,3.0169860030446967,0,11524958.003114052
337,254,4,2,1.3967116319342512,0,11523174.933429113
462,285,6,2,3.3436478294899565,0,14002484.184947401
338,163,6,4,4.093204669848642,1,28128233.674515054
373,101,2,4,3.9123236914088007,1,20567126.623560753
393,282,4,2,3.8281715215608307,0,13038191.451281821
326,106,7,4,1.0198397878920353,1,27334444.1075589
470,274,4,3,0.5330862402241417,0,13394824.442598537
114,160,6,3,3.5248492595881897,1,20671011.192817003
291,205,7,4,1.9049013475923215,0,11553263.605952071
218,263,5,4,2.218496509376402,0,12027326.615503956
